Longitudinal Acceleration (m/s^2),Lateral Acceleration (m/s^2),Velocity (m/s)
-0.009810000000000001,15.940675773334819,0.0
0.5587490382447899,15.900060758429253,0.0
1.1244108299560682,15.778422678518723,0.0
1.6842928923045646,15.576381373376508,0.0
2.2355421946370053,15.294966399181602,0.0
2.7753496968663423,14.935611782136423,0.0
3.300964663696166,14.500148710997982,0.0
3.809708681737241,13.990796205759736,0.0
4.298989308088194,13.410149810034339,0.0
4.766313280830291,12.761168364758344,0.0
5.209299224118675,12.047158930617028,0.0
5.625689783127816,11.271759936021164,0.0
6.013363127014256,10.438922636509863,0.0
6.370343761280228,9.552890980058052,0.0
6.694812594440797,8.618179980890377,0.0
6.985116207697087,7.6395527120036695,0.0
7.239775280379483,6.62199603363874,0.0
7.457492128226682,5.570695181383675,0.0
7.637157316087216,4.491007343401852,0.0
7.777855311346697,3.388434361429034,0.0
7.878869149272146,2.2685946946490207,0.0
7.9396840864999385,1.137194789313498,0.0
7.959990224049994,0.0,0.0
7.9396840864999385,-1.137194789313498,0.0
7.878869149272146,-2.2685946946490207,0.0
7.777855311346697,-3.388434361429034,0.0
7.637157316087216,-4.491007343401852,0.0
7.457492128226682,-5.570695181383675,0.0
7.239775280379483,-6.62199603363874,0.0
6.985116207697086,-7.639552712003671,0.0
6.694812594440796,-8.618179980890378,0.0
6.370343761280229,-9.55289098005805,0.0
6.013363127014256,-10.438922636509863,0.0
5.625689783127816,-11.271759936021164,0.0
5.209299224118675,-12.047158930617028,0.0
4.766313280830291,-12.761168364758344,0.0
4.298989308088194,-13.410149810034339,0.0
3.809708681737241,-13.990796205759736,0.0
3.3009646636961647,-14.500148710997983,0.0
2.7753496968663423,-14.935611782136423,0.0
2.2355421946370053,-15.294966399181602,0.0
1.6842928923045646,-15.576381373376508,0.0
1.1244108299560682,-15.778422678518723,0.0
0.5587490382447899,-15.900060758429253,0.0
-0.009810000000000001,-15.940675773334819,0.0
-1.0704871035849075,-15.940675773334819,0.0
-2.1257592397788767,-15.900060758429253,0.0
-3.170248983665891,-15.778422678518723,0.0
-4.198633854929578,-15.576381373376508,0.0
-5.205673439992868,-15.294966399181602,0.0
-6.186236095964407,-14.935611782136423,0.0
-7.135325100314431,-14.500148710997983,0.0
-8.04810411302744,-13.990796205759736,0.0
-8.919921821482315,-13.410149810034339,0.0
-9.74633564247526,-12.761168364758344,0.0
-10.523134360605503,-12.047158930617028,0.0
-11.246359587663642,-11.271759936021164,0.0
-11.912325933670637,-10.438922636509863,0.0
-12.517639786780387,-9.55289098005805,0.0
-13.059216606347789,-8.618179980890378,0.0
-13.534296641040841,-7.639552712003671,0.0
-13.940458991900838,-6.62199603363874,0.0
-14.275633948688531,-5.570695181383675,0.0
-14.538113536653109,-4.491007343401852,0.0
-14.726560219980003,-3.388434361429034,0.0
-14.84001371756683,-2.2685946946490207,0.0
-14.877895896395753,-1.137194789313498,0.0
-14.84001371756683,0.0,0.0
-14.726560219980003,1.137194789313498,0.0
-14.538113536653109,2.2685946946490207,0.0
-14.275633948688531,3.388434361429034,0.0
-13.940458991900838,4.491007343401852,0.0
-13.534296641040841,5.570695181383675,0.0
-13.059216606347787,6.62199603363874,0.0
-12.517639786780386,7.6395527120036695,0.0
-11.912325933670639,8.618179980890377,0.0
-11.246359587663642,9.552890980058052,0.0
-10.523134360605503,10.438922636509863,0.0
-9.74633564247526,11.271759936021164,0.0
-8.919921821482315,12.047158930617028,0.0
-8.04810411302744,12.761168364758344,0.0
-7.135325100314431,13.410149810034339,0.0
-6.1862360959644045,13.990796205759736,0.0
-5.205673439992868,14.500148710997982,0.0
-4.198633854929578,14.935611782136423,0.0
-3.170248983665891,15.294966399181602,0.0
-2.1257592397788767,15.576381373376508,0.0
-1.0704871035849075,15.778422678518723,0.0
-0.009810000000000001,15.900060758429253,0.0
-0.01818755882352941,15.965106041037336,2.0
0.5511004675245108,15.924428780609624,2.0
1.1174875325827645,15.802604281321564,2.0
1.678087457695232,15.600253332896859,2.0
2.230043554144544,15.318407069385689,2.0
2.7705431801828437,14.958501714741965,2.0
3.2968320736094414,14.522371264155266,2.0
3.806228386859641,14.012238138431737,2.0
4.296136353085203,13.430701859047092,2.0
4.764059513587193,12.780725801581031,2.0
5.207613439197274,12.065622095034566,2.0
5.624537880782199,11.289034743979816,2.0
6.012708286955281,10.454921059548013,2.0
6.370146630303275,9.567531493879063,2.0
6.695031486960683,8.631387980791724,2.0
6.985707318168247,7.6512608930454,2.0
7.240692906518996,6.6321447336140205,2.0
7.4586889039026225,5.579232684843721,2.0
7.638584452685609,4.497890145186003,2.0
7.7794628463871085,3.3936273883570762,2.0
7.880606201005034,2.2720714842460774,2.0
7.941499113188385,1.1389376246567342,2.0
7.961831286614578,0.0,2.0
7.941499113188385,-1.1389376246567342,2.0
7.880606201005034,-2.2720714842460774,2.0
7.7794628463871085,-3.3936273883570762,2.0
7.638584452685609,-4.497890145186003,2.0
7.4586889039026225,-5.579232684843721,2.0
7.240692906518996,-6.6321447336140205,2.0
6.985707318168246,-7.651260893045402,2.0
6.695031486960682,-8.631387980791725,2.0
6.370146630303276,-9.567531493879061,2.0
6.012708286955281,-10.454921059548013,2.0
5.624537880782199,-11.289034743979816,2.0
5.207613439197274,-12.065622095034566,2.0
4.764059513587193,-12.780725801581031,2.0
4.296136353085203,-13.430701859047092,2.0
3.806228386859641,-14.012238138431737,2.0
3.29683207360944,-14.522371264155268,2.0
2.7705431801828437,-14.958501714741965,2.0
2.230043554144544,-15.318407069385689,2.0
1.678087457695232,-15.600253332896859,2.0
1.1174875325827645,-15.802604281321564,2.0
0.5511004675245108,-15.924428780609624,2.0
-0.01818755882352941,-15.965106041037336,2.0
-1.0803738424919598,-15.965106041037336,2.0
-2.1371474683336813,-15.924428780609624,2.0
-3.183123360185604,-15.802604281321564,2.0
-4.212971464661984,-15.600253332896859,2.0
-5.2214439118847,-15.318407069385689,2.0
-6.203401757425277,-14.958501714741965,2.0
-7.153841169187713,-14.522371264155268,2.0
-8.067918925789872,-14.012238138431737,2.0
-8.94097709650948,-13.430701859047092,2.0
-9.768566777031376,-12.780725801581031,2.0
-10.54647076004416,-12.065622095034566,2.0
-11.270725025161939,-11.289034743979816,2.0
-11.937638938663596,-10.454921059548013,2.0
-12.543814060116281,-9.567531493879061,2.0
-13.086161460048835,-8.631387980791725,2.0
-13.561917460428349,-7.651260893045402,2.0
-13.968657717729922,-6.6321447336140205,2.0
-14.304309576835548,-5.579232684843721,2.0
-14.567162632809522,-4.497890145186003,2.0
-14.755877446729905,-3.3936273883570762,2.0
-14.869492371162268,-2.2720714842460774,2.0
-14.907428450494573,-1.1389376246567342,2.0
-14.869492371162268,0.0,2.0
-14.755877446729905,1.1389376246567342,2.0
-14.567162632809522,2.2720714842460774,2.0
-14.304309576835548,3.3936273883570762,2.0
-13.968657717729922,4.497890145186003,2.0
-13.561917460428349,5.579232684843721,2.0
-13.086161460048833,6.6321447336140205,2.0
-12.54381406011628,7.6512608930454,2.0
-11.937638938663598,8.631387980791724,2.0
-11.270725025161939,9.567531493879063,2.0
-10.54647076004416,10.454921059548013,2.0
-9.768566777031376,11.289034743979816,2.0
-8.94097709650948,12.065622095034566,2.0
-8.067918925789872,12.780725801581031,2.0
-7.153841169187713,13.430701859047092,2.0
-6.203401757425274,14.012238138431737,2.0
-5.2214439118847,14.522371264155266,2.0
-4.212971464661984,14.958501714741965,2.0
-3.183123360185604,15.318407069385689,2.0
-2.1371474683336813,15.600253332896859,2.0
-1.0803738424919598,15.802604281321564,2.0
-0.01818755882352941,15.924428780609624,2.0
-0.043320235294117646,16.038396844144888,4.0
0.5281547553636733,15.997532847150735,4.0
1.0967176404628523,15.875149089730094,4.0
1.659471153867234,15.671869211457912,4.0
2.213547632667159,15.38872907999795,4.0
2.7561236301323486,15.0271715125586,4.0
3.284434303349267,14.589038923627124,4.0
3.7957875022268417,14.076563936447746,4.0
4.287577488076232,13.492358006085354,4.0
4.7572982118579,12.839398112049095,4.0
5.202556084433074,12.12101158828718,4.0
5.621082173745351,11.340859167855774,4.0
6.010743766778355,10.502916328662463,4.0
6.369555237372418,9.6114530353421,4.0
6.695688164520339,8.671011980495768,4.0
6.987480649581729,7.686385436170594,4.0
7.243445784937535,6.662590833539863,4.0
7.462279230930444,5.60484519522386,4.0
7.642865862480787,4.518538550538455,4.0
7.784285451508344,3.4092064691412034,4.0
7.885817356203701,2.282501853037248,4.0
7.9469441932537235,1.1441661306864426,4.0
7.9673544743083315,0.0,4.0
7.9469441932537235,-1.1441661306864426,4.0
7.885817356203701,-2.282501853037248,4.0
7.784285451508344,-3.4092064691412034,4.0
7.642865862480787,-4.518538550538455,4.0
7.462279230930444,-5.60484519522386,4.0
7.243445784937535,-6.662590833539863,4.0
6.9874806495817285,-7.686385436170596,4.0
6.695688164520338,-8.67101198049577,4.0
6.369555237372419,-9.611453035342098,4.0
6.010743766778355,-10.502916328662463,4.0
5.621082173745351,-11.340859167855774,4.0
5.202556084433074,-12.12101158828718,4.0
4.7572982118579,-12.839398112049095,4.0
4.287577488076232,-13.492358006085354,4.0
3.7957875022268417,-14.076563936447746,4.0
3.284434303349266,-14.589038923627125,4.0
2.7561236301323486,-15.0271715125586,4.0
2.213547632667159,-15.38872907999795,4.0
1.659471153867234,-15.671869211457912,4.0
1.0967176404628523,-15.875149089730094,4.0
0.5281547553636733,-15.997532847150735,4.0
-0.043320235294117646,-16.038396844144888,4.0
-1.1100340592131168,-16.038396844144888,4.0
-2.1713121539980955,-15.997532847150735,4.0
-3.2217464897447456,-15.875149089730094,4.0
-4.255984293859202,-15.671869211457912,4.0
-5.268755327560196,-15.38872907999795,4.0
-6.254898741807886,-15.0271715125586,4.0
-7.209389375807555,-14.589038923627125,4.0
-8.127363364077171,-14.076563936447746,4.0
-9.004142921590976,-13.492358006085354,4.0
-9.835260180699727,-12.839398112049095,4.0
-10.616479958360136,-12.12101158828718,4.0
-11.343821337656834,-11.340859167855774,4.0
-12.01357795364248,-10.502916328662463,4.0
-12.62233688012397,-9.611453035342098,4.0
-13.16699602115198,-8.67101198049577,4.0
-13.644779918590876,-7.686385436170596,4.0
-14.05325389521718,-6.662590833539863,4.0
-14.390336461276611,-5.60484519522386,4.0
-14.654309921278772,-4.518538550538455,4.0
-14.843829126979617,-3.4092064691412034,4.0
-14.957928331948589,-2.282501853037248,4.0
-14.99602611279104,-1.1441661306864426,4.0
-14.957928331948589,0.0,4.0
-14.843829126979617,1.1441661306864426,4.0
-14.654309921278772,2.282501853037248,4.0
-14.390336461276611,3.4092064691412034,4.0
-14.05325389521718,4.518538550538455,4.0
-13.644779918590876,5.60484519522386,4.0
-13.166996021151979,6.662590833539863,4.0
-12.622336880123969,7.686385436170594,4.0
-12.013577953642482,8.671011980495768,4.0
-11.343821337656834,9.6114530353421,4.0
-10.616479958360136,10.502916328662463,4.0
-9.835260180699727,11.340859167855774,4.0
-9.004142921590976,12.12101158828718,4.0
-8.127363364077171,12.839398112049095,4.0
-7.209389375807555,13.492358006085354,4.0
-6.254898741807883,14.076563936447746,4.0
-5.268755327560196,14.589038923627124,4.0
-4.255984293859202,15.0271715125586,4.0
-3.2217464897447456,15.38872907999795,4.0
-2.1713121539980955,15.671869211457912,4.0
-1.1100340592131168,15.875149089730094,4.0
-0.043320235294117646,15.997532847150735,4.0
-0.08520802941176471,16.160548182657468,6.0
0.48988762452121987,16.11937295805258,6.0
1.062052722825447,15.9960571037443,6.0
1.6283716433119777,15.791229009059663,6.0
2.1859585545739137,15.505932431018376,6.0
2.731972121521813,15.141621175586314,6.0
3.2636299841760175,14.700151689413548,6.0
3.7782229359353257,14.183773599807756,6.0
4.273128729072831,13.59511825114912,6.0
4.745825437109261,12.937185296162527,6.0
5.1939043059722385,12.213327410374866,6.0
5.615082028454909,11.427233207649033,6.0
6.0072123794260675,10.582908443853212,6.0
6.368297152501483,9.684655604447157,6.0
6.696496342445599,8.737051980002505,6.0
6.990137521416445,7.744926341379247,6.0
7.247724361274565,6.713334333416264,6.0
7.467944258528229,5.647532712524091,6.0
7.649675023059948,4.552952559459207,6.0
7.791990596550087,3.4351716037814137,6.0
7.894165771457787,2.299885801022531,6.0
7.955679886512365,1.152880307402623,6.0
7.9762194798838,0.0,6.0
7.955679886512365,-1.152880307402623,6.0
7.894165771457787,-2.299885801022531,6.0
7.791990596550087,-3.4351716037814137,6.0
7.649675023059948,-4.552952559459207,6.0
7.467944258528229,-5.647532712524091,6.0
7.247724361274565,-6.713334333416264,6.0
6.990137521416444,-7.744926341379249,6.0
6.696496342445598,-8.737051980002507,6.0
6.3682971525014835,-9.684655604447155,6.0
6.0072123794260675,-10.582908443853212,6.0
5.615082028454909,-11.427233207649033,6.0
5.1939043059722385,-12.213327410374866,6.0
4.745825437109261,-12.937185296162527,6.0
4.273128729072831,-13.59511825114912,6.0
3.7782229359353257,-14.183773599807756,6.0
3.263629984176016,-14.70015168941355,6.0
2.731972121521813,-15.141621175586314,6.0
2.1859585545739137,-15.505932431018376,6.0
1.6283716433119777,-15.791229009059663,6.0
1.062052722825447,-15.9960571037443,6.0
0.48988762452121987,-16.11937295805258,6.0
-0.08520802941176471,-16.160548182657468,6.0
-1.1594677537484024,-16.160548182657468,6.0
-2.2282532967721194,-16.11937295805258,6.0
-3.2861183723433145,-15.9960571037443,6.0
-4.32767234252123,-15.791229009059663,6.0
-5.347607687019357,-15.505932431018376,6.0
-6.3407270491122345,-15.141621175586314,6.0
-7.301969720173958,-14.70015168941355,6.0
-8.226437427889335,-14.183773599807756,6.0
-9.1094192967268,-13.59511825114912,6.0
-9.946415853480309,-12.937185296162527,6.0
-10.733161955553426,-12.213327410374866,6.0
-11.465648525148323,-11.427233207649033,6.0
-12.140142978607285,-10.582908443853212,6.0
-12.75320824680345,-9.684655604447155,6.0
-13.30172028965722,-8.737051980002507,6.0
-13.78288401552842,-7.744926341379249,6.0
-14.19424752436261,-6.713334333416264,6.0
-14.533714602011711,-5.647532712524091,6.0
-14.79955540206085,-4.552952559459207,6.0
-14.990415260729135,-3.4351716037814137,6.0
-15.105321599925785,-2.299885801022531,6.0
-15.143688883285147,-1.152880307402623,6.0
-15.105321599925785,0.0,6.0
-14.990415260729135,1.152880307402623,6.0
-14.79955540206085,2.299885801022531,6.0
-14.533714602011711,3.4351716037814137,6.0
-14.19424752436261,4.552952559459207,6.0
-13.78288401552842,5.647532712524091,6.0
-13.301720289657219,6.713334333416264,6.0
-12.753208246803448,7.744926341379247,6.0
-12.140142978607287,8.737051980002505,6.0
-11.465648525148323,9.684655604447157,6.0
-10.733161955553426,10.582908443853212,6.0
-9.946415853480309,11.427233207649033,6.0
-9.1094192967268,12.213327410374866,6.0
-8.226437427889335,12.937185296162527,6.0
-7.301969720173958,13.59511825114912,6.0
-6.340727049112232,14.183773599807756,6.0
-5.347607687019357,14.700151689413548,6.0
-4.32767234252123,15.141621175586314,6.0
-3.2861183723433145,15.505932431018376,6.0
-2.2282532967721194,15.791229009059663,6.0
-1.1594677537484024,15.9960571037443,6.0
-0.08520802941176471,16.11937295805258,6.0
-0.1438509411764706,16.328985212762955,8.0
0.4362487992315801,16.28738082990997,8.0
1.0133924843332607,16.162779687749456,8.0
1.584639122202469,15.955816725140728,8.0
2.147077770914071,15.667546577901083,8.0
2.6978423720366984,15.299438204623426,8.0
3.2341263554095745,14.853367401199991,8.0
3.753196940780716,14.33160724219645,8.0
4.252409063428696,13.736816497784954,8.0
4.729218852806156,13.072026085260788,8.0
5.1811965955210075,12.340623624182582,8.0
5.606039116598948,11.546336173839546,8.0
6.001581515935181,10.693211241011655,8.0
6.365808200129114,9.785596154802874,8.0
6.6968631534863245,8.828115913648528,8.0
6.9930593958490865,7.825649617383437,8.0
7.252887579060572,6.783305604467534,8.0
7.475023678257085,5.7063954210640135,8.0
7.658335738795268,4.600406754617603,8.0
7.801889644433502,3.4709754698572297,8.0
7.904953877374153,2.3238568897212257,8.0
7.967003245910593,1.164896467550853,8.0
7.987721560683747,0.0,8.0
7.967003245910593,-1.164896467550853,8.0
7.904953877374153,-2.3238568897212257,8.0
7.801889644433502,-3.4709754698572297,8.0
7.658335738795268,-4.600406754617603,8.0
7.475023678257085,-5.7063954210640135,8.0
7.252887579060572,-6.783305604467534,8.0
6.993059395849086,-7.825649617383439,8.0
6.696863153486324,-8.82811591364853,8.0
6.3658082001291145,-9.785596154802873,8.0
6.001581515935181,-10.693211241011655,8.0
5.606039116598948,-11.546336173839546,8.0
5.1811965955210075,-12.340623624182582,8.0
4.729218852806156,-13.072026085260788,8.0
4.252409063428696,-13.736816497784954,8.0
3.753196940780716,-14.33160724219645,8.0
3.234126355409573,-14.853367401199993,8.0
2.6978423720366984,-15.299438204623426,8.0
2.147077770914071,-15.667546577901083,8.0
1.584639122202469,-15.955816725140728,8.0
1.0133924843332607,-16.162779687749456,8.0
0.4362487992315801,-16.28738082990997,8.0
-0.1438509411764706,-16.328985212762955,8.0
-1.2284936970839426,-16.328985212762955,8.0
-2.3076093621296594,-16.28738082990997,8.0
-3.3756990102400017,-16.162779687749456,8.0
-4.427319901396257,-15.955816725140728,8.0
-5.457113216590155,-15.667546577901083,8.0
-6.4598313651372194,-15.299438204623426,8.0
-7.430364725196013,-14.853367401199993,8.0
-8.363767681229831,-14.33160724219645,8.0
-9.25528382572982,-13.736816497784954,8.0
-10.100370196777387,-13.072026085260788,8.0
-10.894720427936809,-12.340623624182582,8.0
-11.634286692511456,-11.546336173839546,8.0
-12.315300330340806,-10.693211241011655,8.0
-12.934291052028778,-9.785596154802873,8.0
-13.488104622743014,-8.82811591364853,8.0
-13.97391893547258,-7.825649617383439,8.0
-14.389258391838416,-6.783305604467534,8.0
-14.732006517175195,-5.7063954210640135,8.0
-15.000416745601104,-4.600406754617603,8.0
-15.19312132011721,-3.4709754698572297,8.0
-15.309138262383625,-2.3238568897212257,8.0
-15.347876376656018,-1.164896467550853,8.0
-15.309138262383625,0.0,8.0
-15.19312132011721,1.164896467550853,8.0
-15.000416745601104,2.3238568897212257,8.0
-14.732006517175195,3.4709754698572297,8.0
-14.389258391838416,4.600406754617603,8.0
-13.97391893547258,5.7063954210640135,8.0
-13.488104622743013,6.783305604467534,8.0
-12.934291052028776,7.825649617383437,8.0
-12.315300330340808,8.828115913648528,8.0
-11.634286692511456,9.785596154802874,8.0
-10.894720427936809,10.693211241011655,8.0
-10.100370196777387,11.546336173839546,8.0
-9.25528382572982,12.340623624182582,8.0
-8.363767681229831,13.072026085260788,8.0
-7.430364725196013,13.736816497784954,8.0
-6.459831365137217,14.33160724219645,8.0
-5.457113216590155,14.853367401199991,8.0
-4.427319901396257,15.299438204623426,8.0
-3.3756990102400017,15.667546577901083,8.0
-2.3076093621296594,15.955816725140728,8.0
-1.2284936970839426,16.162779687749456,8.0
-0.1438509411764706,16.28738082990997,8.0
-0.21924897058823525,16.54426770028066,10.0
0.36720628486039175,16.50211480232306,10.0
0.95067309875481,16.375870909955946,10.0
1.5281782579540033,16.166179333117128,10.0
2.0967789285426894,15.874108612016572,10.0
2.653577651838497,15.501147072100403,10.0
3.1957371091771924,15.049195239885604,10.0
3.720494580238244,14.520556158312514,10.0
4.2251760212343,13.917923650965907,10.0
4.707209691225378,13.244368594967494,10.0
5.164139257121204,12.503323272490015,10.0
5.593636310591606,11.698563880634023,10.0
5.993512233101626,10.834191288793065,10.0
6.361729348609915,9.914610141563243,10.0
6.696411307098758,8.944506413683975,10.0
6.995852646023664,7.92882353138487,10.0
7.258527480959566,6.87273718181878,10.0
7.483097281158093,5.781628938946442,10.0
7.668417690393432,4.661058840269149,10.0
7.813544358339361,3.5167370541521157,10.0
7.917737752762034,2.3544947821153785,10.0
7.980466928006739,1.180254544367465,10.0
8.001412230575237,0.0,10.0
7.980466928006739,-1.180254544367465,10.0
7.917737752762034,-2.3544947821153785,10.0
7.813544358339361,-3.5167370541521157,10.0
7.668417690393432,-4.661058840269149,10.0
7.483097281158093,-5.781628938946442,10.0
7.258527480959566,-6.87273718181878,10.0
6.995852646023663,-7.928823531384872,10.0
6.696411307098757,-8.944506413683976,10.0
6.361729348609916,-9.91461014156324,10.0
5.993512233101626,-10.834191288793065,10.0
5.593636310591606,-11.698563880634023,10.0
5.164139257121204,-12.503323272490015,10.0
4.707209691225378,-13.244368594967494,10.0
4.2251760212343,-13.917923650965907,10.0
3.720494580238244,-14.520556158312514,10.0
3.195737109177191,-15.049195239885606,10.0
2.653577651838497,-15.501147072100403,10.0
2.0967789285426894,-15.874108612016572,10.0
1.5281782579540033,-16.166179333117128,10.0
0.95067309875481,-16.375870909955946,10.0
0.36720628486039175,-16.50211480232306,10.0
-0.21924897058823525,-16.54426770028066,10.0
-1.3171512531429477,-16.54426770028066,10.0
-2.4094588773274537,-16.50211480232306,10.0
-3.490605693868275,-16.375870909955946,10.0
-4.555082426409287,-16.166179333117128,10.0
-5.597464745521383,-15.874108612016572,10.0
-6.612440909841767,-15.501147072100403,10.0
-7.594838833490411,-15.049195239885606,10.0
-8.539652441834159,-14.520556158312514,10.0
-9.442067181295538,-13.917923650965907,10.0
-10.297484553214217,-13.244368594967494,10.0
-11.10154554674211,-12.503323272490015,10.0
-11.850152851363461,-11.698563880634023,10.0
-12.539491735850063,-10.834191288793065,10.0
-13.166049487257188,-9.91461014156324,10.0
-13.726633310903548,-8.944506413683976,10.0
-14.218386600121146,-7.928823531384872,10.0
-14.638803492868075,-6.87273718181878,10.0
-14.985741641027062,-5.781628938946442,10.0
-15.25743312732043,-4.661058840269149,10.0
-15.45249347421129,-3.5167370541521157,10.0
-15.569928698883716,-2.3544947821153785,10.0
-15.609140378351341,-1.180254544367465,10.0
-15.569928698883716,0.0,10.0
-15.45249347421129,1.180254544367465,10.0
-15.25743312732043,2.3544947821153785,10.0
-14.985741641027062,3.5167370541521157,10.0
-14.638803492868075,4.661058840269149,10.0
-14.218386600121146,5.781628938946442,10.0
-13.726633310903546,6.87273718181878,10.0
-13.166049487257187,7.92882353138487,10.0
-12.539491735850065,8.944506413683975,10.0
-11.850152851363461,9.914610141563243,10.0
-11.10154554674211,10.834191288793065,10.0
-10.297484553214217,11.698563880634023,10.0
-9.442067181295538,12.503323272490015,10.0
-8.539652441834159,13.244368594967494,10.0
-7.594838833490411,13.917923650965907,10.0
-6.612440909841764,14.520556158312514,10.0
-5.597464745521383,15.049195239885604,10.0
-4.555082426409287,15.501147072100403,10.0
-3.490605693868275,15.874108612016572,10.0
-2.4094588773274537,16.166179333117128,10.0
-1.3171512531429477,16.375870909955946,10.0
-0.21924897058823525,16.50211480232306,10.0
-0.3114021176470588,16.80411378129426,12.0
0.2826991105349516,16.76129882530326,12.0
0.8737729350382981,16.633072132531936,12.0
1.4588073791395955,16.420087116814457,12.0
2.0348212414135993,16.123429100970384,12.0
2.598879287252332,15.744609786248361,12.0
3.1481072061478765,15.285559549043057,12.0
3.679706258519843,14.748617604139541,12.0
4.19096753745075,14.136520084610934,12.0
4.679285772654734,13.452386099111452,12.0
5.1421726063377475,12.699701837613663,12.0
5.5772692732985,11.882302806583487,12.0
5.982358620655237,11.004354284118437,12.0
6.35537640594861,10.07033009464519,12.0
6.694421816048096,9.0849898113358,12.0
6.997767153259986,8.053354502413816,12.0
7.2638666392788185,6.980681144941533,12.0
7.491364292119304,5.8724358364699,12.0
7.679100835889692,4.734265941058336,12.0
7.826119608195996,3.5719713116019776,12.0
7.93167143507426,2.391474735110776,12.0
7.995218448609356,1.1987917515444968,12.0
8.016436827786588,0.0,12.0
7.995218448609356,-1.1987917515444968,12.0
7.93167143507426,-2.391474735110776,12.0
7.826119608195996,-3.5719713116019776,12.0
7.679100835889692,-4.734265941058336,12.0
7.491364292119304,-5.8724358364699,12.0
7.2638666392788185,-6.980681144941533,12.0
6.997767153259985,-8.053354502413818,12.0
6.694421816048095,-9.084989811335802,12.0
6.355376405948611,-10.070330094645188,12.0
5.982358620655237,-11.004354284118437,12.0
5.5772692732985,-11.882302806583487,12.0
5.1421726063377475,-12.699701837613663,12.0
4.679285772654734,-13.452386099111452,12.0
4.19096753745075,-14.136520084610934,12.0
3.679706258519843,-14.748617604139541,12.0
3.148107206147875,-15.28555954904306,12.0
2.598879287252332,-15.744609786248361,12.0
2.0348212414135993,-16.123429100970384,12.0
1.4588073791395955,-16.420087116814457,12.0
0.8737729350382981,-16.633072132531936,12.0
0.2826991105349516,-16.76129882530326,12.0
-0.3114021176470588,-16.80411378129426,12.0
-1.4252796755007517,-16.80411378129426,12.0
-2.533481168643139,-16.76129882530326,12.0
-3.6303594562877533,-16.633072132531936,12.0
-4.710325098107763,-16.420087116814457,12.0
-5.767874836742689,-16.123429100970384,12.0
-6.7976196411365475,-15.744609786248361,12.0
-7.794312167804772,-15.28555954904306,12.0
-8.752873500093832,-14.748617604139541,12.0
-9.668419029176295,-14.136520084610934,12.0
-10.536283344897761,-13.452386099111452,12.0
-11.352044009637622,-12.699701837613663,12.0
-12.111544094037432,-11.882302806583487,12.0
-12.810913359760082,-11.004354284118437,12.0
-13.446587981337231,-10.070330094645188,12.0
-14.015328706606978,-9.084989811335802,12.0
-14.514237363200385,-8.053354502413818,12.0
-14.940771626963553,-6.980681144941533,12.0
-15.292757977058738,-5.8724358364699,12.0
-15.568402771728351,-4.734265941058336,12.0
-15.76630138828219,-3.5719713116019776,12.0
-15.88544538073272,-2.391474735110776,12.0
-15.925227618604662,-1.1987917515444968,12.0
-15.88544538073272,0.0,12.0
-15.76630138828219,1.1987917515444968,12.0
-15.568402771728351,2.391474735110776,12.0
-15.292757977058738,3.5719713116019776,12.0
-14.940771626963553,4.734265941058336,12.0
-14.514237363200385,5.8724358364699,12.0
-14.015328706606976,6.980681144941533,12.0
-13.44658798133723,8.053354502413816,12.0
-12.810913359760084,9.0849898113358,12.0
-12.111544094037432,10.07033009464519,12.0
-11.352044009637622,11.004354284118437,12.0
-10.536283344897761,11.882302806583487,12.0
-9.668419029176295,12.699701837613663,12.0
-8.752873500093832,13.452386099111452,12.0
-7.794312167804772,14.136520084610934,12.0
-6.797619641136546,14.748617604139541,12.0
-5.767874836742689,15.285559549043057,12.0
-4.710325098107763,15.744609786248361,12.0
-3.6303594562877533,16.123429100970384,12.0
-2.533481168643139,16.420087116814457,12.0
-1.4252796755007517,16.633072132531936,12.0
-0.3114021176470588,16.76129882530326,12.0
-0.42031038235294116,17.1062275070069,14.0
0.18264130463371642,17.062642799868115,14.0
0.7825204880323479,16.93211077612884,14.0
1.3762703210290157,16.715296597061432,14.0
1.9608651905743844,16.41330509802416,14.0
2.5333261352143874,16.027675158473475,14.0
3.090736025194933,15.560371860187033,14.0
3.6302544274864497,15.01377647365741,14.0
4.149132079979545,14.390674323683484,14.0
4.644724901094512,13.694240595993731,14.0
5.114507463414986,12.92802415722757,14.0
5.556085862687182,12.095929470724428,14.0
5.967209916607231,11.20219670027356,14.0
6.3457846312344195,10.25138010321131,14.0
6.689880876600098,9.24832482296964,14.0
6.997745217111797,8.19814219933582,14.0
7.267808846659089,7.106183722236499,14.0
7.498695582889926,5.978013761771694,14.0
7.689228879920446,4.819381213460248,14.0
7.838437823743124,3.636190203186014,14.0
7.945562079781988,2.43447000112571,14.0
8.01005576738334,1.2203442979701133,14.0
8.03159024149844,0.0,14.0
8.01005576738334,-1.2203442979701133,14.0
7.945562079781988,-2.43447000112571,14.0
7.838437823743124,-3.636190203186014,14.0
7.689228879920446,-4.819381213460248,14.0
7.498695582889926,-5.978013761771694,14.0
7.267808846659089,-7.106183722236499,14.0
6.997745217111796,-8.198142199335821,14.0
6.689880876600097,-9.248324822969641,14.0
6.34578463123442,-10.251380103211309,14.0
5.967209916607231,-11.20219670027356,14.0
5.556085862687182,-12.095929470724428,14.0
5.114507463414986,-12.92802415722757,14.0
4.644724901094512,-13.694240595993731,14.0
4.149132079979545,-14.390674323683484,14.0
3.6302544274864497,-15.01377647365741,14.0
3.0907360251949316,-15.560371860187034,14.0
2.5333261352143874,-16.027675158473475,14.0
1.9608651905743844,-16.41330509802416,14.0
1.3762703210290157,-16.715296597061432,14.0
0.7825204880323479,-16.93211077612884,14.0
0.18264130463371642,-17.062642799868115,14.0
-0.42031038235294116,-17.1062275070069,14.0
-1.5527165776414265,-17.1062275070069,14.0
-2.6793522905293803,-17.062642799868115,14.0
-3.794476443672033,-16.93211077612884,14.0
-4.89240661999425,-16.715296597061432,14.0
-5.967548018985613,-16.41330509802416,14.0
-7.014421966521331,-16.027675158473475,14.0
-8.027693832929723,-15.560371860187034,14.0
-9.002200217042267,-15.01377647365741,14.0
-9.932975257702376,-14.390674323683484,14.0
-10.815275938655565,-13.694240595993731,14.0
-11.64460625787312,-12.92802415722757,14.0
-12.416740138147814,-12.095929470724428,14.0
-13.127742962214686,-11.20219670027356,14.0
-13.773991622658725,-10.251380103211309,14.0
-14.35219298443975,-9.248324822969641,14.0
-14.859400665953736,-8.198142199335821,14.0
-15.29303005311809,-7.106183722236499,14.0
-15.650871469972566,-5.978013761771694,14.0
-15.93110143868147,-4.819381213460248,14.0
-16.132291971558715,-3.636190203186014,14.0
-16.253417847765753,-2.43447000112571,14.0
-16.293861837601973,-1.2203442979701133,14.0
-16.253417847765753,0.0,14.0
-16.132291971558715,1.2203442979701133,14.0
-15.93110143868147,2.43447000112571,14.0
-15.650871469972566,3.636190203186014,14.0
-15.29303005311809,4.819381213460248,14.0
-14.859400665953736,5.978013761771694,14.0
-14.352192984439748,7.106183722236499,14.0
-13.773991622658723,8.19814219933582,14.0
-13.127742962214688,9.24832482296964,14.0
-12.416740138147814,10.25138010321131,14.0
-11.64460625787312,11.20219670027356,14.0
-10.815275938655565,12.095929470724428,14.0
-9.932975257702376,12.92802415722757,14.0
-9.002200217042267,13.694240595993731,14.0
-8.027693832929723,14.390674323683484,14.0
-7.014421966521328,15.01377647365741,14.0
-5.967548018985613,15.560371860187033,14.0
-4.89240661999425,16.027675158473475,14.0
-3.794476443672033,16.41330509802416,14.0
-2.6793522905293803,16.715296597061432,14.0
-1.5527165776414265,16.93211077612884,14.0
-0.42031038235294116,17.062642799868115,14.0
-0.5459737647058823,17.44831024249632,16.0
0.06694622547634266,17.4038539477537,16.0
0.6767429158824224,17.270711602613552,16.0
1.280308922355962,17.04956166994776,16.0
1.8745686108776827,16.741531079121085,16.0
2.4564937702913747,16.348189483417453,16.0
3.0231190433738577,15.871541261446607,16.0
3.571557037615626,15.314015303290168,16.0
4.099013038711263,14.678452633434512,16.0
4.602799251782917,13.968091933561231,16.0
5.080348497766905,13.18655303896764,16.0
5.529227295169775,12.337818492715842,16.0
5.947148260532187,11.426213251506173,16.0
6.331981764410707,10.456382646689228,16.0
6.681766783481304,9.433268712722086,16.0
6.9947208934646925,8.362085003693549,16.0
7.2692493519518955,7.248290026247557,16.0
7.503953224846018,6.09755942428452,16.0
7.69763651500973,4.9157570571809925,16.0
7.84931225679254,3.7089051189063964,16.0
7.958207545381512,2.4831534503029697,16.0
8.023767475347032,1.2447482009064876,16.0
8.045657968313675,0.0,16.0
8.023767475347032,-1.2447482009064876,16.0
7.958207545381512,-2.4831534503029697,16.0
7.84931225679254,-3.7089051189063964,16.0
7.69763651500973,-4.9157570571809925,16.0
7.503953224846018,-6.09755942428452,16.0
7.2692493519518955,-7.248290026247557,16.0
6.994720893464692,-8.36208500369355,16.0
6.681766783481303,-9.433268712722088,16.0
6.331981764410708,-10.456382646689226,16.0
5.947148260532187,-11.426213251506173,16.0
5.529227295169775,-12.337818492715842,16.0
5.080348497766905,-13.18655303896764,16.0
4.602799251782917,-13.968091933561231,16.0
4.099013038711263,-14.678452633434512,16.0
3.571557037615626,-15.314015303290168,16.0
3.0231190433738564,-15.871541261446609,16.0
2.4564937702913747,-16.348189483417453,16.0
1.8745686108776827,-16.741531079121085,16.0
1.280308922355962,-17.04956166994776,16.0
0.6767429158824224,-17.270711602613552,16.0
0.06694622547634266,-17.4038539477537,16.0
-0.5459737647058823,-17.44831024249632,16.0
-1.699298032813922,-17.44831024249632,16.0
-2.846745224817242,-17.4038539477537,16.0
-3.9824682128438362,-17.270711602613552,16.0
-5.100679612877728,-17.04956166994776,16.0
-6.19568127594131,-16.741531079121085,16.0
-7.2618933245564685,-16.348189483417453,16.0
-8.293882586521107,-15.871541261446609,16.0
-9.286390281109368,-15.314015303290168,16.0
-10.234358816612744,-14.678452633434512,16.0
-11.13295756266813,-13.968091933561231,16.0
-11.977607466042903,-13.18655303896764,16.0
-12.764004384440536,-12.337818492715842,16.0
-13.488141019423171,-11.426213251506173,16.0
-14.14632733668591,-10.456382646689226,16.0
-14.73520936962578,-9.433268712722088,16.0
-15.251786310386759,-8.36208500369355,16.0
-15.69342580128876,-7.248290026247557,16.0
-16.057877348718964,-6.09755942428452,16.0
-16.343283791131448,-4.9157570571809925,16.0
-16.54819076271668,-3.7089051189063964,16.0
-16.671554104516346,-2.4831534503029697,16.0
-16.71274518521804,-1.2447482009064876,16.0
-16.671554104516346,0.0,16.0
-16.54819076271668,1.2447482009064876,16.0
-16.343283791131448,2.4831534503029697,16.0
-16.057877348718964,3.7089051189063964,16.0
-15.69342580128876,4.9157570571809925,16.0
-15.251786310386759,6.09755942428452,16.0
-14.735209369625778,7.248290026247557,16.0
-14.146327336685909,8.362085003693549,16.0
-13.488141019423173,9.433268712722086,16.0
-12.764004384440536,10.456382646689228,16.0
-11.977607466042903,11.426213251506173,16.0
-11.13295756266813,12.337818492715842,16.0
-10.234358816612744,13.18655303896764,16.0
-9.286390281109368,13.968091933561231,16.0
-8.293882586521107,14.678452633434512,16.0
-7.261893324556466,15.314015303290168,16.0
-6.19568127594131,15.871541261446607,16.0
-5.100679612877728,16.348189483417453,16.0
-3.9824682128438362,16.741531079121085,16.0
-2.846745224817242,17.04956166994776,16.0
-1.699298032813922,17.270711602613552,16.0
-0.5459737647058823,17.4038539477537,16.0
-0.6883922647058823,17.828071543293817,18.0
-0.06448108867550928,17.782647660281302,18.0
0.5562507790150347,17.64660748093951,18.0
1.1706402310525004,17.420644234839166,18.0
1.7755564796199503,17.105909378886984,18.0
2.367917010173894,16.70400672976522,18.0
2.9447032892318146,16.21698429124946,18.0
3.502976146126869,15.647323818050861,18.0
4.039890750347915,14.997928169362972,18.0
4.5527111081436775,14.27210651655671,18.0
5.03882400451977,13.473557480401569,18.0
5.495752319583309,12.606350283741977,18.0
5.921167651378067,11.674904015670439,18.0
6.312902180887135,10.683965112862467,18.0
6.668959718741725,9.638583172823246,18.0
6.987525877344618,8.544085222296241,18.0
7.26697731657347,7.406048571955963,18.0
7.505890015949973,6.2302723957112045,18.0
7.703046531121792,5.022748179444099,18.0
7.857442197679932,3.7896291897714316,18.0
7.96829025069826,2.537199118408418,18.0
8.035025833907245,1.2718400619160593,18.0
8.057308878072018,0.0,18.0
8.035025833907245,-1.2718400619160593,18.0
7.96829025069826,-2.537199118408418,18.0
7.857442197679932,-3.7896291897714316,18.0
7.703046531121792,-5.022748179444099,18.0
7.505890015949973,-6.2302723957112045,18.0
7.26697731657347,-7.406048571955963,18.0
6.987525877344617,-8.544085222296243,18.0
6.668959718741724,-9.638583172823248,18.0
6.312902180887136,-10.683965112862465,18.0
5.921167651378067,-11.674904015670439,18.0
5.495752319583309,-12.606350283741977,18.0
5.03882400451977,-13.473557480401569,18.0
4.5527111081436775,-14.27210651655671,18.0
4.039890750347915,-14.997928169362972,18.0
3.502976146126869,-15.647323818050861,18.0
2.944703289231811,-16.216984291249464,18.0
2.367917010173894,-16.70400672976522,18.0
1.7755564796199503,-17.105909378886984,18.0
1.1706402310525004,-17.420644234839166,18.0
0.5562507790150347,-17.64660748093951,18.0
-0.06448108867550928,-17.782647660281302,18.0
-0.6883922647058823,-17.828071543293817,18.0
-1.8648586722317146,-17.828071543293817,18.0
-3.0353300766149944,-17.782647660281302,18.0
-4.193842023875086,-17.64660748093951,18.0
-5.33449100268342,-17.420644234839166,18.0
-6.451464527304124,-17.105909378886984,18.0
-7.539070756688977,-16.70400672976522,18.0
-8.591767498794674,-16.216984291249464,18.0
-9.604190452323138,-15.647323818050861,18.0
-10.57118054197129,-14.997928169362972,18.0
-11.48781020789623,-14.27210651655671,18.0
-12.349408515430735,-13.473557480401569,18.0
-13.151584957095606,-12.606350283741977,18.0
-13.890251825619403,-11.674904015670439,18.0
-14.56164504395773,-10.683965112862465,18.0
-15.162343346167026,-9.638583172823248,18.0
-15.689285711391602,-8.544085222296243,18.0
-16.13978696212427,-7.406048571955963,18.0
-16.51155144725542,-6.2302723957112045,18.0
-16.802684740184873,-5.022748179444099,18.0
-17.011703292385576,-3.7896291897714316,18.0
-17.137541993226854,-2.537199118408418,18.0
-17.17955959753403,-1.2718400619160593,18.0
-17.137541993226854,0.0,18.0
-17.011703292385576,1.2718400619160593,18.0
-16.802684740184873,2.537199118408418,18.0
-16.51155144725542,3.7896291897714316,18.0
-16.13978696212427,5.022748179444099,18.0
-15.689285711391602,6.2302723957112045,18.0
-15.162343346167024,7.406048571955963,18.0
-14.561645043957729,8.544085222296241,18.0
-13.890251825619405,9.638583172823246,18.0
-13.151584957095606,10.683965112862467,18.0
-12.349408515430735,11.674904015670439,18.0
-11.48781020789623,12.606350283741977,18.0
-10.57118054197129,13.473557480401569,18.0
-9.604190452323138,14.27210651655671,18.0
-8.591767498794674,14.997928169362972,18.0
-7.539070756688971,15.647323818050861,18.0
-6.451464527304124,16.21698429124946,18.0
-5.33449100268342,16.70400672976522,18.0
-4.193842023875086,17.105909378886984,18.0
-3.0353300766149944,17.420644234839166,18.0
-1.8648586722317146,17.64660748093951,18.0
-0.6883922647058823,17.782647660281302,18.0
-0.8475658823529412,18.242476818889983,20.0
-0.21181177484017688,18.195997078730343,20.0
0.4207026754685458,18.056794708353173,20.0
1.0467543199197862,17.825579051129875,20.0
1.6631529428372867,17.503528329050287,20.0
2.266757518129858,17.092283638773498,20.0
2.854492215240358,16.593940588975443,20.0
3.4233620728731555,16.011038621607444,20.0
3.970468260630395,15.346548071482127,20.0
4.49302285078722,14.603855030128067,20.0
4.9883630249324185,13.78674409104353,20.0
5.453964643080677,12.899379064275506,20.0
5.887455106111348,11.946281758598142,20.0
6.2866254459897295,10.93230893941173,20.0
6.649441582161832,9.862627579779469,20.0
6.97405468676262,8.74268853071715,20.0
7.2588106058190265,7.578198744905794,20.0
7.50225828843944,6.375092195368957,20.0
7.703157181036423,5.139499637306384,20.0
7.860483548903454,3.8777173671708116,20.0
7.973435692932305,2.5961751381844826,20.0
8.04143803488796,1.3014033957905424,20.0
8.064144050423339,0.0,20.0
8.04143803488796,-1.3014033957905424,20.0
7.973435692932305,-2.5961751381844826,20.0
7.860483548903454,-3.8777173671708116,20.0
7.703157181036423,-5.139499637306384,20.0
7.50225828843944,-6.375092195368957,20.0
7.2588106058190265,-7.578198744905794,20.0
6.974054686762618,-8.742688530717151,20.0
6.649441582161831,-9.862627579779472,20.0
6.286625445989731,-10.932308939411726,20.0
5.887455106111348,-11.946281758598142,20.0
5.453964643080677,-12.899379064275506,20.0
4.9883630249324185,-13.78674409104353,20.0
4.49302285078722,-14.603855030128067,20.0
3.970468260630395,-15.346548071482127,20.0
3.4233620728731555,-16.011038621607444,20.0
2.854492215240358,-16.593940588975443,20.0
2.266757518129858,-17.092283638773498,20.0
1.6631529428372867,-17.503528329050287,20.0
1.0467543199197862,-17.825579051129875,20.0
0.4207026754685458,-18.056794708353173,20.0
-0.21181177484017688,-18.195997078730343,20.0
-0.8475658823529412,-18.242476818889983,20.0
-2.0491765073117305,-18.242476818889983,20.0
-3.2446639999594593,-18.195997078730343,20.0
-4.427936430063938,-18.056794708353173,20.0
-5.592964112551643,-17.825579051129875,20.0
-6.7338103334008395,-17.503528329050287,20.0
-7.844661601775434,-17.092283638773498,20.0
-8.919857274241679,-16.593940588975443,20.0
-9.953918400109586,-16.011038621607444,20.0
-10.941575640909749,-15.346548071482127,20.0
-11.877796121734338,-14.603855030128067,20.0
-12.757809077614013,-13.78674409104353,20.0
-13.577130164242622,-12.899379064275506,20.0
-14.331584309167898,-11.946281758598142,20.0
-15.017326987003667,-10.932308939411726,20.0
-15.630863810249963,-9.862627579779472,20.0
-16.169068335890742,-8.742688530717151,20.0
-16.629197997030854,-7.578198744905794,20.0
-17.008908078388284,-6.375092195368957,20.0
-17.30626366442577,-5.139499637306384,20.0
-17.519749499236866,-3.8777173671708116,20.0
-17.648277707942704,-2.5961751381844826,20.0
-17.69119334025302,-1.3014033957905424,20.0
-17.648277707942704,0.0,20.0
-17.519749499236866,1.3014033957905424,20.0
-17.30626366442577,2.5961751381844826,20.0
-17.008908078388284,3.8777173671708116,20.0
-16.629197997030854,5.139499637306384,20.0
-16.169068335890742,6.375092195368957,20.0
-15.630863810249961,7.578198744905794,20.0
-15.017326987003665,8.74268853071715,20.0
-14.3315843091679,9.862627579779469,20.0
-13.577130164242622,10.93230893941173,20.0
-12.757809077614013,11.946281758598142,20.0
-11.877796121734338,12.899379064275506,20.0
-10.941575640909749,13.78674409104353,20.0
-9.953918400109586,14.603855030128067,20.0
-8.919857274241679,15.346548071482127,20.0
-7.844661601775434,16.011038621607444,20.0
-6.7338103334008395,16.593940588975443,20.0
-5.592964112551643,17.092283638773498,20.0
-4.427936430063938,17.503528329050287,20.0
-3.2446639999594593,17.825579051129875,20.0
-2.0491765073117305,18.056794708353173,20.0
-0.8475658823529412,18.195997078730343,20.0
-1.023494617647059,18.6876721260687,22.0
-0.3751303859504189,18.64005807929032,22.0
0.2699299302398932,18.497458569223436,22.0
0.908399251413595,18.260600250284625,22.0
1.537024084260253,17.930690098174413,22.0
2.152601100725385,17.509409259405782,22.0
2.7519934614359647,16.998904484566886,22.0
3.332146800314826,16.401777188972147,22.0
3.8901047889300937,15.721070196446085,22.0
4.423024201267189,14.96025223379062,22.0
4.928189402156902,14.12320025494836,22.0
5.4030261855297255,13.214179684934006,22.0
5.845114891979918,12.237822684206193,22.0
6.252202738795203,11.199104544239594,22.0
6.6222152996210975,10.103318334579967,22.0
6.953267075262097,8.956047930575075,22.0
7.2436711017533915,7.76313955922582,22.0
7.49194754674254,6.530672008153536,22.0
7.69683125037593,5.2649256494916505,22.0
7.857278172263393,3.9723504365488824,22.0
7.972470711668712,2.6595330363256475,22.0
8.041821873815575,1.3331632653688035,22.0
8.064978261078387,0.0,22.0
8.041821873815575,-1.3331632653688035,22.0
7.972470711668712,-2.6595330363256475,22.0
7.857278172263393,-3.9723504365488824,22.0
7.69683125037593,-5.2649256494916505,22.0
7.49194754674254,-6.530672008153536,22.0
7.2436711017533915,-7.76313955922582,22.0
6.953267075262096,-8.956047930575076,22.0
6.622215299621097,-10.103318334579969,22.0
6.252202738795204,-11.19910454423959,22.0
5.845114891979918,-12.237822684206193,22.0
5.4030261855297255,-13.214179684934006,22.0
4.928189402156902,-14.12320025494836,22.0
4.423024201267189,-14.96025223379062,22.0
3.8901047889300937,-15.721070196446085,22.0
3.332146800314826,-16.401777188972147,22.0
2.751993461435963,-16.99890448456689,22.0
2.152601100725385,-17.509409259405782,22.0
1.537024084260253,-17.930690098174413,22.0
0.908399251413595,-18.260600250284625,22.0
0.2699299302398932,-18.497458569223436,22.0
-0.3751303859504189,-18.64005807929032,22.0
-1.023494617647059,-18.6876721260687,22.0
-2.251964386711335,-18.6876721260687,22.0
-3.4741741554229613,-18.64005807929032,22.0
-4.683895822956071,-18.497458569223436,22.0
-5.874964924985941,-18.260600250284625,22.0
-7.041312046386092,-17.930690098174413,22.0
-8.176993749576557,-17.509409259405782,22.0
-9.2762228609194,-16.99890448456689,22.0
-10.333397960829092,-16.401777188972147,22.0
-11.34313192732269,-15.721070196446085,22.0
-12.300279387558673,-14.96025223379062,22.0
-13.199962937477515,-14.12320025494836,22.0
-14.037597995934746,-13.214179684934006,22.0
-14.808916166675592,-12.237822684206193,22.0
-15.509986989103911,-11.19910454423959,22.0
-16.13723796700841,-10.103318334579969,22.0
-16.687472773184478,-8.956047930575076,22.0
-17.157887537184948,-7.76313955922582,22.0
-17.546085133201174,-6.530672008153536,22.0
-17.850087395266716,-5.2649256494916505,22.0
-18.068345197537635,-3.9723504365488824,22.0
-18.199746348282726,-2.6595330363256475,22.0
-18.243621257357628,-1.3331632653688035,22.0
-18.199746348282726,0.0,22.0
-18.068345197537635,1.3331632653688035,22.0
-17.850087395266716,2.6595330363256475,22.0
-17.546085133201174,3.9723504365488824,22.0
-17.157887537184948,5.2649256494916505,22.0
-16.687472773184478,6.530672008153536,22.0
-16.13723796700841,7.76313955922582,22.0
-15.509986989103908,8.956047930575075,22.0
-14.808916166675594,10.103318334579967,22.0
-14.037597995934746,11.199104544239594,22.0
-13.199962937477515,12.237822684206193,22.0
-12.300279387558673,13.214179684934006,22.0
-11.34313192732269,14.12320025494836,22.0
-10.333397960829092,14.96025223379062,22.0
-9.2762228609194,15.721070196446085,22.0
-8.176993749576553,16.401777188972147,22.0
-7.041312046386092,16.998904484566886,22.0
-5.874964924985941,17.509409259405782,22.0
-4.683895822956071,17.930690098174413,22.0
-3.4741741554229613,18.260600250284625,22.0
-2.251964386711335,18.497458569223436,22.0
-1.023494617647059,18.64005807929032,22.0
-1.2161784705882352,19.160148627150903,24.0
-0.5546065514240818,19.111330764398414,24.0
0.10359414888585383,18.96512594077948,24.0
0.7550695904458988,18.72227918256212,24.0
1.396500003737399,18.38402798116075,24.0
2.0246168064032206,17.9520959871636,24.0
2.636219259194225,17.42868422700441,24.0
3.228190776202821,16.816459887036245,24.0
3.7975148062703417,16.118542722161205,24.0
4.341290204640311,15.338489158274564,24.0
4.856746016527098,14.480274169533622,24.0
5.34125559726638,13.548271022800524,24.0
5.792349997094236,12.547228992476786,24.0
6.20773054234923,11.482249159289582,24.0
6.585280548986485,10.35875841635361,24.0
6.923076108714379,9.182481814967757,24.0
7.2193958927902075,7.959413391065969,24.0
7.472729923516893,6.69578562098408,24.0
7.681787268743208,5.398037662189031,24.0
7.845502620158107,4.072782540808398,24.0
7.9630417218576985,2.7267734531650887,24.0
8.033805621522092,1.366869353036839,24.0
8.057433722539137,0.0,24.0
8.033805621522092,-1.366869353036839,24.0
7.9630417218576985,-2.7267734531650887,24.0
7.845502620158107,-4.072782540808398,24.0
7.681787268743208,-5.398037662189031,24.0
7.472729923516893,-6.69578562098408,24.0
7.2193958927902075,-7.959413391065969,24.0
6.923076108714377,-9.18248181496776,24.0
6.585280548986484,-10.358758416353611,24.0
6.207730542349231,-11.482249159289578,24.0
5.792349997094236,-12.547228992476786,24.0
5.34125559726638,-13.548271022800524,24.0
4.856746016527098,-14.480274169533622,24.0
4.341290204640311,-15.338489158274564,24.0
3.7975148062703417,-16.118542722161205,24.0
3.228190776202821,-16.816459887036245,24.0
2.6362192591942235,-17.428684227004414,24.0
2.0246168064032206,-17.9520959871636,24.0
1.396500003737399,-18.38402798116075,24.0
0.7550695904458988,-18.72227918256212,24.0
0.10359414888585383,-18.96512594077948,24.0
-0.5546065514240818,-19.111330764398414,24.0
-1.2161784705882352,-19.160148627150903,24.0
-2.4729494510550674,-19.160148627150903,24.0
-3.7233162146831065,-19.111330764398414,24.0
-4.960907179054624,-18.96512594077948,24.0
-6.179415864296419,-18.72227918256212,24.0
-7.37263302945567,-18.38402798116075,24.0
-8.534478313368558,-17.9520959871636,24.0
-9.659031218787042,-17.428684227004414,24.0
-10.740561281875692,-16.816459887036245,24.0
-11.773557273341886,-16.118542722161205,24.0
-12.752755282396965,-15.338489158274564,24.0
-13.673165540439054,-14.480274169533622,24.0
-14.53009784777008,-13.548271022800524,24.0
-15.319185473778333,-12.547228992476786,24.0
-16.036407408796748,-11.482249159289578,24.0
-16.678108854246446,-10.358758416353611,24.0
-17.24101984665254,-9.18248181496776,24.0
-17.722271920628486,-7.959413391065969,24.0
-18.119412725918128,-6.69578562098408,24.0
-18.43041852401054,-5.398037662189031,24.0
-18.653704500647546,-4.072782540808398,24.0
-18.788132841673928,-2.7267734531650887,24.0
-18.83301853107755,-1.366869353036839,24.0
-18.788132841673928,0.0,24.0
-18.653704500647546,1.366869353036839,24.0
-18.43041852401054,2.7267734531650887,24.0
-18.119412725918128,4.072782540808398,24.0
-17.722271920628486,5.398037662189031,24.0
-17.24101984665254,6.69578562098408,24.0
-16.678108854246446,7.959413391065969,24.0
-16.036407408796748,9.182481814967757,24.0
-15.319185473778337,10.35875841635361,24.0
-14.53009784777008,11.482249159289582,24.0
-13.673165540439054,12.547228992476786,24.0
-12.752755282396965,13.548271022800524,24.0
-11.773557273341886,14.480274169533622,24.0
-10.740561281875692,15.338489158274564,24.0
-9.659031218787042,16.118542722161205,24.0
-8.534478313368556,16.816459887036245,24.0
-7.37263302945567,17.42868422700441,24.0
-6.179415864296419,17.9520959871636,24.0
-4.960907179054624,18.38402798116075,24.0
-3.7233162146831065,18.72227918256212,24.0
-2.4729494510550674,18.96512594077948,24.0
-1.2161784705882352,19.111330764398414,24.0
-1.4256174411764706,19.656396008880176,26.0
-0.7504192918207064,19.606313764674077,26.0
-0.07866179746483493,19.456322239692387,26.0
0.5862319196805481,19.207185756365273,26.0
1.240873713640149,18.860173857104577,26.0
1.8819276798892515,18.417054835006695,26.0
2.5061271543585733,17.880086723036264,26.0
3.1102913596055375,17.25200578760779,26.0
3.691341613327034,16.536012585199177,26.0
4.246317016618729,15.735755653049582,26.0
4.772389542037191,14.855312917049936,26.0
5.266878444579501,13.899170911567362,26.0
5.727263922145301,12.872201917094442,26.0
6.151199955870704,11.779639132224665,26.0
6.536526264902681,10.627050006471924,26.0
6.881279314695096,9.420307869823992,26.0
7.183702322730676,8.165562003599186,26.0
7.442254210682028,6.8692063051183005,26.0
7.6556174573935465,5.537846705869485,26.0
7.822704812667219,4.178267509195587,26.0
7.942664837640422,2.7973968190394314,26.0
8.014886243523186,1.4022712359141631,26.0
8.039001006585766,0.0,26.0
8.014886243523186,-1.4022712359141631,26.0
7.942664837640422,-2.7973968190394314,26.0
7.822704812667219,-4.178267509195587,26.0
7.6556174573935465,-5.537846705869485,26.0
7.442254210682028,-6.8692063051183005,26.0
7.183702322730676,-8.165562003599186,26.0
6.881279314695096,-9.420307869823995,26.0
6.53652626490268,-10.627050006471926,26.0
6.1511999558707044,-11.779639132224663,26.0
5.727263922145301,-12.872201917094442,26.0
5.266878444579501,-13.899170911567362,26.0
4.772389542037191,-14.855312917049936,26.0
4.246317016618729,-15.735755653049582,26.0
3.691341613327034,-16.536012585199177,26.0
3.1102913596055375,-17.25200578760779,26.0
2.5061271543585715,-17.880086723036268,26.0
1.8819276798892515,-18.417054835006695,26.0
1.240873713640149,-18.860173857104577,26.0
0.5862319196805481,-19.207185756365273,26.0
-0.07866179746483493,-19.456322239692387,26.0
-0.7504192918207064,-19.606313764674077,26.0
-1.4256174411764706,-19.656396008880176,26.0
-2.7118469480693834,-19.656396008880176,26.0
-3.9915221242252787,-19.606313764674077,26.0
-5.258122038274348,-19.456322239692387,26.0
-6.505192387385282,-19.207185756365273,26.0
-7.726378386913066,-18.860173857104577,26.0
-8.915457152924997,-18.417054835006695,26.0
-10.066369412590712,-17.880086723036268,26.0
-11.173250380847652,-17.25200578760779,26.0
-12.230459646001393,-16.536012585199177,26.0
-13.23260991197075,-15.735755653049582,26.0
-14.174594450713746,-14.855312917049936,26.0
-15.051613124943117,-13.899170911567362,26.0
-15.859196848525649,-12.872201917094442,26.0
-16.59323035992072,-11.779639132224663,26.0
-17.249973192609797,-10.627050006471926,26.0
-17.826078735656417,-9.420307869823995,26.0
-18.318611287268425,-8.165562003599186,26.0
-18.72506101446136,-6.8692063051183005,26.0
-19.043356742592064,-5.537846705869485,26.0
-19.27187650958989,-4.178267509195587,26.0
-19.40945583110364,-2.7973968190394314,26.0
-19.45539363444687,-1.4022712359141631,26.0
-19.40945583110364,0.0,26.0
-19.27187650958989,1.4022712359141631,26.0
-19.043356742592064,2.7973968190394314,26.0
-18.72506101446136,4.178267509195587,26.0
-18.318611287268425,5.537846705869485,26.0
-17.826078735656417,6.8692063051183005,26.0
-17.249973192609797,8.165562003599186,26.0
-16.59323035992072,9.420307869823992,26.0
-15.85919684852565,10.627050006471924,26.0
-15.051613124943117,11.779639132224665,26.0
-14.174594450713746,12.872201917094442,26.0
-13.23260991197075,13.899170911567362,26.0
-12.230459646001393,14.855312917049936,26.0
-11.173250380847652,15.735755653049582,26.0
-10.066369412590712,16.536012585199177,26.0
-8.915457152924995,17.25200578760779,26.0
-7.726378386913066,17.880086723036264,26.0
-6.505192387385282,18.417054835006695,26.0
-5.258122038274348,18.860173857104577,26.0
-3.9915221242252787,19.207185756365273,26.0
-2.7118469480693834,19.456322239692387,26.0
-1.4256174411764706,19.606313764674077,26.0
-1.651811529411765,20.17234687760259,28.0
-0.9627489979482245,20.120950049716246,28.0
-0.27719777119779776,19.967021472510925,28.0
0.40134873893044354,19.711345530732476,28.0
1.0694328149576622,19.35522509037403,28.0
1.723650053570979,18.90047485956955,28.0
2.3606667136824346,18.34941214125713,28.0
2.977236704409376,17.704845024734425,28.0
3.570218126409547,16.970058076279226,28.0
4.136589282279942,16.148795601752624,28.0
4.673464074434122,15.24524256647461,28.0
5.178106711993989,14.26400326960007,28.0
5.647945651752973,13.21007788166571,28.0
6.080586702170782,12.088836964867136,28.0
6.473825223624694,10.905994105904934,28.0
6.825657362747705,9.667576800856542,28.0
7.134290263605992,8.379895740437842,28.0
7.398151203681767,7.049512652169821,28.0
7.6158956081067455,5.6832068633192065,28.0
7.7864139013074585,4.287940755000677,28.0
7.908837161148044,2.8708242834786226,28.0
7.982541546758281,1.4390787494597543,28.0
8.007151477483651,0.0,28.0
7.982541546758281,-1.4390787494597543,28.0
7.908837161148044,-2.8708242834786226,28.0
7.7864139013074585,-4.287940755000677,28.0
7.6158956081067455,-5.6832068633192065,28.0
7.398151203681767,-7.049512652169821,28.0
7.134290263605992,-8.379895740437842,28.0
6.8256573627477035,-9.667576800856544,28.0
6.473825223624692,-10.905994105904936,28.0
6.080586702170784,-12.088836964867133,28.0
5.647945651752973,-13.21007788166571,28.0
5.178106711993989,-14.26400326960007,28.0
4.673464074434122,-15.24524256647461,28.0
4.136589282279942,-16.148795601752624,28.0
3.570218126409547,-16.970058076279226,28.0
2.977236704409376,-17.704845024734425,28.0
2.360666713682433,-18.349412141257133,28.0
1.723650053570979,-18.90047485956955,28.0
1.0694328149576622,-19.35522509037403,28.0
0.40134873893044354,-19.711345530732476,28.0
-0.27719777119779776,-19.967021472510925,28.0
-0.9627489979482245,-20.120950049716246,28.0
-1.651811529411765,-20.17234687760259,28.0
-2.968313168277378,-20.17234687760259,28.0
-4.278106216560432,-20.120950049716246,28.0
-5.574516269118396,-19.967021472510925,28.0
-6.850937117487206,-19.711345530732476,28.0
-8.10086441360538,-19.35522509037403,28.0
-9.317928814480881,-18.90047485956955,28.0
-10.495928438902954,-18.349412141257133,28.0
-11.628860470807222,-17.704845024734425,28.0
-12.710951748250364,-16.970058076279226,28.0
-13.736688182120025,-16.148795601752624,28.0
-14.700842854669045,-15.24524256647461,28.0
-15.598502654690131,-14.26400326960007,28.0
-16.425093313604407,-13.21007788166571,28.0
-17.176402714885583,-12.088836964867133,28.0
-17.848602358040246,-10.905994105904936,28.0
-18.438266867768824,-9.667576800856544,28.0
-18.94239144889294,-8.379895740437842,28.0
-19.358407198102874,-7.049512652169821,28.0
-19.6841941945,-5.6832068633192065,28.0
-19.918092302227734,-4.287940755000677,28.0
-20.05890963014334,-2.8708242834786226,28.0
-20.105928605421976,-1.4390787494597543,28.0
-20.05890963014334,0.0,28.0
-19.918092302227734,1.4390787494597543,28.0
-19.6841941945,2.8708242834786226,28.0
-19.358407198102874,4.287940755000677,28.0
-18.94239144889294,5.6832068633192065,28.0
-18.438266867768824,7.049512652169821,28.0
-17.848602358040242,8.379895740437842,28.0
-17.17640271488558,9.667576800856542,28.0
-16.42509331360441,10.905994105904934,28.0
-15.598502654690131,12.088836964867136,28.0
-14.700842854669045,13.21007788166571,28.0
-13.736688182120025,14.26400326960007,28.0
-12.710951748250364,15.24524256647461,28.0
-11.628860470807222,16.148795601752624,28.0
-10.495928438902954,16.970058076279226,28.0
-9.31792881448088,17.704845024734425,28.0
-8.10086441360538,18.34941214125713,28.0
-6.850937117487206,18.90047485956955,28.0
-5.574516269118396,19.35522509037403,28.0
-4.278106216560432,19.711345530732476,28.0
-2.968313168277378,19.967021472510925,28.0
-1.651811529411765,20.120950049716246,28.0
-1.8947607352941178,20.70413230486426,30.0
-1.191777158428406,20.65138054865732,30.0
-0.49237582473216635,20.49339409089434,30.0
0.19987927691524554,20.23097799435035,30.0
0.8814605731948841,19.865469471302184,30.0
1.5488948820533115,19.39873106940125,30.0
2.1987811112422255,18.833141180557618,30.0
2.8278075895049257,18.17158192120004,30.0
3.4327689420939613,17.417424445671244,30.0
4.010582424626081,16.57451176759817,30.0
4.558303632040996,15.647139176775415,30.0
5.0731415026146625,14.640032351352984,30.0
5.5524725405700295,13.558323276863694,30.0
5.993854184810179,12.407524094801248,30.0
6.3950372556497905,11.193499014010658,30.0
6.753977416119251,9.92243442802419,30.0
7.068845589437253,8.600807390617963,30.0
7.33803727956681,7.235352610230577,30.0
7.560180747359278,5.833028131432649,30.0
7.734144000622629,4.400979878326607,30.0
7.8590405624941715,2.946505240555457,30.0
7.934233988723466,1.4770158874778567,30.0
7.95934111084632,0.0,30.0
7.934233988723466,-1.4770158874778567,30.0
7.8590405624941715,-2.946505240555457,30.0
7.734144000622629,-4.400979878326607,30.0
7.560180747359278,-5.833028131432649,30.0
7.33803727956681,-7.235352610230577,30.0
7.068845589437253,-8.600807390617963,30.0
6.753977416119249,-9.922434428024193,30.0
6.395037255649789,-11.19349901401066,30.0
5.99385418481018,-12.407524094801246,30.0
5.5524725405700295,-13.558323276863694,30.0
5.0731415026146625,-14.640032351352984,30.0
4.558303632040996,-15.647139176775415,30.0
4.010582424626081,-16.57451176759817,30.0
3.4327689420939613,-17.417424445671244,30.0
2.8278075895049257,-18.17158192120004,30.0
2.1987811112422238,-18.83314118055762,30.0
1.5488948820533115,-19.39873106940125,30.0
0.8814605731948841,-19.865469471302184,30.0
0.19987927691524554,-20.23097799435035,30.0
-0.49237582473216635,-20.49339409089434,30.0
-1.191777158428406,-20.65138054865732,30.0
-1.8947607352941178,-20.70413230486426,30.0
-3.2419970914910574,-20.70413230486426,30.0
-4.582368240030987,-20.65138054865732,30.0
-5.909043956781562,-20.49339409089434,30.0
-7.215263806391473,-20.23097799435035,30.0
-8.494371591919469,-19.865469471302184,30.0
-9.739849273288254,-19.39873106940125,30.0
-10.945350181722588,-18.83314118055762,30.0
-12.104731360918638,-18.17158192120004,30.0
-13.212084870141144,-17.417424445671244,30.0
-14.26176788973524,-16.57451176759817,30.0
-15.248431475641965,-15.647139176775415,30.0
-16.167047816391054,-14.640032351352984,30.0
-17.01293585367575,-13.558323276863694,30.0
-17.781785135952944,-12.407524094801246,30.0
-18.46967778351617,-11.19349901401066,30.0
-19.073108453112543,-9.922434428024193,30.0
-19.58900220036849,-8.600807390617963,30.0
-20.01473014900142,-7.235352610230577,30.0
-20.348122886970675,-5.833028131432649,30.0
-20.587481521304014,-4.400979878326607,30.0
-20.731586335266783,-2.946505240555457,30.0
-20.77970300375881,-1.4770158874778567,30.0
-20.731586335266783,0.0,30.0
-20.587481521304014,1.4770158874778567,30.0
-20.348122886970675,2.946505240555457,30.0
-20.01473014900142,4.400979878326607,30.0
-19.58900220036849,5.833028131432649,30.0
-19.073108453112543,7.235352610230577,30.0
-18.469677783516165,8.600807390617963,30.0
-17.78178513595294,9.92243442802419,30.0
-17.012935853675753,11.193499014010658,30.0
-16.167047816391054,12.407524094801248,30.0
-15.248431475641965,13.558323276863694,30.0
-14.26176788973524,14.640032351352984,30.0
-13.212084870141144,15.647139176775415,30.0
-12.104731360918638,16.57451176759817,30.0
-10.945350181722588,17.417424445671244,30.0
-9.73984927328825,18.17158192120004,30.0
-8.494371591919469,18.833141180557618,30.0
-7.215263806391473,19.39873106940125,30.0
-5.909043956781562,19.865469471302184,30.0
-4.582368240030987,20.23097799435035,30.0
-3.2419970914910574,20.49339409089434,30.0
-1.8947607352941178,20.65138054865732,30.0
-1.9849176546543952,20.89524190724892,30.70906818884023
-1.2770392646581985,20.842003225678223,30.70906818884023
-0.5727680606771877,20.682558473084015,30.70906818884023
0.12430715266656134,20.417720143377515,30.70906818884023
0.8106342398697881,20.048837791980528,30.70906818884023
1.4827158354163366,19.577791158800373,30.70906818884023
2.1371271655502007,19.006980589506185,30.70906818884023
2.7705335001374998,18.339314803917606,30.70906818884023
3.3797071456869006,17.578196073835304,30.70906818884023
3.9615438929357882,16.727502885843748,30.70906818884023
4.51307883518908,15.791570177432634,30.70906818884023
5.031501476804184,14.77516724714904,30.70906818884023
5.514170054832527,13.683473451345304,30.70906818884023
5.95862500083801,12.52205181136624,30.70906818884023
6.362601474293981,11.296820665667516,30.70906818884023
6.724040903691397,10.014023511319511,30.70906818884023
7.04110147654738,8.680197188577372,30.70906818884023
7.312167524859441,7.302138570641442,30.70906818884023
7.5358577581792785,5.886869928349428,30.70906818884023
7.711032302352284,4.441603146293857,30.70906818884023
7.836798508054948,2.973702972711302,30.70906818884023
7.912515499531206,1.4906494904135086,30.70906818884023
7.937797440348381,0.0,30.70906818884023
7.912515499531206,-1.4906494904135086,30.70906818884023
7.836798508054948,-2.973702972711302,30.70906818884023
7.711032302352284,-4.441603146293857,30.70906818884023
7.5358577581792785,-5.886869928349428,30.70906818884023
7.312167524859441,-7.302138570641442,30.70906818884023
7.04110147654738,-8.680197188577372,30.70906818884023
6.724040903691395,-10.014023511319515,30.70906818884023
6.362601474293979,-11.296820665667518,30.70906818884023
5.958625000838011,-12.522051811366238,30.70906818884023
5.514170054832527,-13.683473451345304,30.70906818884023
5.031501476804184,-14.77516724714904,30.70906818884023
4.51307883518908,-15.791570177432634,30.70906818884023
3.9615438929357882,-16.727502885843748,30.70906818884023
3.3797071456869006,-17.578196073835304,30.70906818884023
2.7705335001374998,-18.339314803917606,30.70906818884023
2.137127165550197,-19.00698058950619,30.70906818884023
1.4827158354163366,-19.577791158800373,30.70906818884023
0.8106342398697881,-20.048837791980528,30.70906818884023
0.12430715266656134,-20.417720143377515,30.70906818884023
-0.5727680606771877,-20.682558473084015,30.70906818884023
-1.2770392646581985,-20.842003225678223,30.70906818884023
-1.9849176546543952,-20.89524190724892,30.70906818884023
-3.3430497725887465,-20.89524190724892,30.70906818884023
-4.69426116056182,-20.842003225678223,30.70906818884023
-6.031666355065882,-20.682558473084015,30.70906818884023
-7.348450245790446,-20.417720143377515,30.70906818884023
-8.63790280386223,-20.048837791980528,30.70906818884023
-9.893453274614298,-19.577791158800373,30.70906818884023
-11.108703660645583,-19.00698058950619,30.70906818884023
-12.277461324549186,-18.339314803917606,30.70906818884023
-13.3937705451731,-17.578196073835304,30.70906818884023
-14.451942866609961,-16.727502885843748,30.70906818884023
-15.446586085264546,-15.791570177432634,30.70906818884023
-16.372631727287207,-14.77516724714904,30.70906818884023
-17.22536087635484,-13.683473451345304,30.70906818884023
-18.000428220186816,-12.522051811366238,30.70906818884023
-18.69388419326029,-11.296820665667518,30.70906818884023
-19.30219510289081,-10.014023511319515,30.70906818884023
-19.822261136120236,-8.680197188577372,30.70906818884023
-20.251432155653028,-7.302138570641442,30.70906818884023
-20.58752120434845,-5.886869928349428,30.70906818884023
-20.82881564945285,-4.441603146293857,30.70906818884023
-20.97408590978361,-2.973702972711302,30.70906818884023
-21.02259172139301,-1.4906494904135086,30.70906818884023
-20.97408590978361,0.0,30.70906818884023
-20.82881564945285,1.4906494904135086,30.70906818884023
-20.58752120434845,2.973702972711302,30.70906818884023
-20.251432155653028,4.441603146293857,30.70906818884023
-19.822261136120236,5.886869928349428,30.70906818884023
-19.30219510289081,7.302138570641442,30.70906818884023
-18.69388419326029,8.680197188577372,30.70906818884023
-18.000428220186812,10.014023511319511,30.70906818884023
-17.22536087635484,11.296820665667516,30.70906818884023
-16.372631727287207,12.52205181136624,30.70906818884023
-15.446586085264546,13.683473451345304,30.70906818884023
-14.451942866609961,14.77516724714904,30.70906818884023
-13.3937705451731,15.791570177432634,30.70906818884023
-12.277461324549186,16.727502885843748,30.70906818884023
-11.108703660645583,17.578196073835304,30.70906818884023
-9.893453274614291,18.339314803917606,30.70906818884023
-8.63790280386223,19.006980589506185,30.70906818884023
-7.348450245790446,19.577791158800373,30.70906818884023
-6.031666355065882,20.048837791980528,30.70906818884023
-4.69426116056182,20.417720143377515,30.70906818884023
-3.3430497725887465,20.682558473084015,30.70906818884023
-1.9849176546543952,20.842003225678223,30.70906818884023
